{
  "controller/View1.controller.js": 1604511097000,
  "model/models.js": 1604502693000,
  "manifest.json": 1604545374958,
  "i18n/i18n.properties": 1604513210000,
  "Component.js": 1604502693000,
  "manifest-bundle.zip": 1604545374791,
  "Component-preload.js": 1604545374938,
  "controller/View1-dbg.controller.js": 1604511097000,
  "model/models-dbg.js": 1604502693000,
  "Component-dbg.js": 1604502693000,
  "resources.json": 1604545374961,
  "view/View1.view.xml": 1604544510192,
  "css/style.css": 1604502693000,
  "index.html": 1604502693000
}